Source	Target	Weight
Velerad	Geralt	1
Geralt	Foltest	5
Foltest	Geralt	4
Adda	Geralt	1
Geralt	Ostrit	4
Ostrit	Geralt	5
Ostrit	Foltest	1
Ostrit	Velerad	1
Foltest	Velerad	1
Foltest	Adda	1
Geralt	Adda	2
Foltest	Two	1
Yennefer	Nenneke	2
Nenneke	Geralt	12
Geralt	Nenneke	12
Geralt	Iola	4
Nenneke	Iola	8
Roach	Geralt	3
Two	Geralt	2
Geralt	Roach	4
Geralt	Nivellen	14
Nivellen	Geralt	11
Fenne	Geralt	1
Geralt	Fenne	1
Asse	Geralt	2
Roach	Vereena	2
Vereena	Geralt	4
Vereena	Nivellen	2
Hereward	Nenneke	5
Hereward	Geralt	4
Nenneke	Hereward	4
Geralt	Hereward	3
Nenneke	Falwick	4
Falwick	Nenneke	6
Geralt	Falwick	5
Hereward	Falwick	3
Falwick	Geralt	3
Falwick	Hereward	2
Geralt	Caldemeyn	4
Caldemeyn	Geralt	9
Stregobor	Count	1
Stregobor	Geralt	4
Geralt	Eltibald	1
Stregobor	Fredefalk	2
Geralt	Fredefalk	2
Fredefalk	Geralt	1
Geralt	Stregobor	8
Fredefalk	Renfri	2
Renfri	Fredefalk	2
Nohorn	Geralt	1
Nohorn	Tavik	1
Civril	Tavik	3
Tavik	Fifteen	1
Fifteen	Tavik	1
Civril	Renfri	4
Renfri	Civril	1
Renfri	Tavik	1
Tavik	Renfri	1
Tavik	Caldemeyn	1
Renfri	Caldemeyn	3
Caldemeyn	Renfri	2
Geralt	Renfri	11
Renfri	Audoen	3
Audoen	Caldemeyn	2
Geralt	Libushe	1
Libushe	Geralt	2
Renfri	Stregobor	4
Geralt	Audoen	2
Stregobor	Audoen	1
Stregobor	Renfri	8
Audoen	Renfri	2
Renfri	Geralt	8
Nohorn	Fifteen	1
Nohorn	Civril	1
Fifteen	Civril	3
Baron	Civril	1
Caldemeyn	Stregobor	1
Stregobor	Baron	1
Caldemeyn	Audoen	1
Audoen	Geralt	1
Civril	Fifteen	1
Civril	Geralt	1
Fifteen	Nohorn	1
Iola	Geralt	1
Yennefer	Iola	1
Geralt	Haxo	2
Haxo	Pavetta	4
Haxo	Calanthe	1
Pavetta	Calanthe	9
Calanthe	Geralt	17
Haxo	Geralt	3
Geralt	Rainfarn	1
Rainfarn	Windhalm	4
Calanthe	Eist	8
Calanthe	Pavetta	12
Eist	Pavetta	2
Eist	Calanthe	7
Pavetta	Eist	3
Eist	Crach	3
Crach	Eist	3
Crach	Draig	2
Crach	Calanthe	1
Draig	Calanthe	2
Draig	Eist	1
Calanthe	Drogodar	1
Eist	Drogodar	1
Eist	Vissegerd	3
Drogodar	Vissegerd	2
Geralt	Drogodar	1
Draig	Geralt	2
Geralt	Calanthe	5
Calanthe	Draig	1
Ravix	Haxo	2
Pavetta	Vissegerd	1
Vissegerd	Geralt	3
Crach	Geralt	1
Eist	Geralt	3
Haxo	Mousesack	2
Geralt	Mousesack	10
Mousesack	Crach	3
Mousesack	Draig	2
Mousesack	Calanthe	2
Roegner	Geralt	2
Geralt	Pavetta	4
Calanthe	Roegner	2
Roegner	Calanthe	4
Pavetta	Crach	2
Crach	Vissegerd	1
Vissegerd	Pavetta	1
Pavetta	Geralt	6
Geralt	Eist	2
Draig	Rainfarn	1
Pavetta	Roegner	2
Roegner	Pavetta	1
Pavetta	Mousesack	5
Calanthe	Sir	1
Sir	Rumplestelt	1
Rumplestelt	Calanthe	2
Baron	Calanthe	1
Geralt	Roegner	1
Geralt	Crach	2
Crach	Rainfarn	4
Rainfarn	Calanthe	4
Rainfarn	Crach	1
Calanthe	Crach	2
Rainfarn	Pavetta	2
Rainfarn	Eist	1
Windhalm	Calanthe	1
Windhalm	Pavetta	1
Windhalm	Eist	1
Pavetta	Rainfarn	2
Eist	Mousesack	2
Crach	Drogodar	1
Drogodar	Geralt	1
Crach	Mousesack	1
Mousesack	Geralt	1
Mousesack	Pavetta	2
Pavetta	Draig	1
Calanthe	Rainfarn	1
Rainfarn	Mousesack	1
Akerspaark	Roegner	1
Rainfarn	Geralt	1
Nettly	Geralt	2
Geralt	Nettly	3
Geralt	Dhun	7
Dhun	Geralt	3
Dhun	Nettly	4
Nettly	Dhun	3
Lille	Dhun	2
Dhun	Lille	3
Lille	Geralt	6
Geralt	Lille	6
Nettly	Lille	2
Geralt	Little	1
Torque	Galarr	3
Galarr	Geralt	3
Geralt	Galarr	3
Galarr	Torque	1
Geralt	Torque	6
Aen	Geralt	2
Aen	Vanadain	1
Geralt	Vanadain	2
Geralt	Toruviel	7
Vanadain	Toruviel	1
Vanadain	Geralt	2
Toruviel	Geralt	5
Toruviel	Torque	1
Toruviel	Vanadain	1
Toruviel	Galarr	1
Torque	Vanadain	1
Vanadain	Galarr	1
Torque	Toruviel	2
Torque	Geralt	3
Filavandrel	Geralt	3
Geralt	Filavandrel	5
Filavandrel	Toruviel	5
Toruviel	Filavandrel	4
Filavandrel	Torque	2
Filavandrel	Aen	1
Toruviel	Aen	1
Filavandrel	Lille	2
Lille	Field	1
Field	Filavandrel	1
Toruviel	Lille	1
Torque	Field	1
Torque	Lille	1
Nenneke	Yennefer	1
Geralt	Yennefer	22
King	Geralt	1
Chireadan	Errdil	2
Chireadan	Vratimir	2
Chireadan	Geralt	15
Errdil	Vratimir	3
Errdil	Geralt	3
Vratimir	Geralt	3
Geralt	Vratimir	2
Geralt	Chireadan	9
Vratimir	Chireadan	1
Geralt	King	1
Errdil	Chireadan	5
Geralt	Beau	4
Beau	Chireadan	3
Yennefer	Geralt	23
Geralt	Triss	1
Triss	Beau	1
Two	Yennefer	1
Yennefer	Errdil	3
Errdil	Yennefer	1
Vratimir	Yennefer	2
Chireadan	Yennefer	7
Yennefer	Beau	1
Yennefer	Chireadan	3
Beau	Yennefer	1
Geralt	Sir	1
Geralt	Laurelnose	3
Chireadan	Laurelnose	1
Laurelnose	Yennefer	1
Laurelnose	Chireadan	1
Laurelnose	Geralt	2
Yennefer	Laurelnose	1
Laurelnose	Neville	1
Neville	Yennefer	1
Geralt	Neville	2
Neville	Geralt	1
Neville	Laurelnose	1
Yennefer	Neville	1
Geralt	Eskel	1
Geralt	Vesemir	1
Eskel	Vesemir	1
Eskel	Errdil	1
Vesemir	Errdil	1
Neville	Chireadan	1
Neville	Errdil	1
Chireadan	Neville	1
Geralt	Dennis	3
Dennis	Geralt	3
Falwick	Dennis	1
Falwick	Count	2
Dennis	Count	2
Dennis	Falwick	1
Geralt	Count	1
Nenneke	Count	1
Count	Dennis	1
Count	Geralt	1
Iola	Nenneke	1
Yennefer	Geralt	25
Istredd	Geralt	24
Istredd	Yennefer	10
Geralt	Yennefer	7
Yennefer	Istredd	4
Geralt	Herbolth	15
Herbolth	Geralt	12
Geralt	Seven	1
Herbolth	Seven	1
Seven	Sir	1
Sir	Herbolth	1
Istredd	Herbolth	5
Herbolth	Istredd	2
Geralt	Istredd	24
Istredd	Beau	1
Yennefer	Beau	1
Beau	Istredd	1
Vespula	Dandelion	3
Vespula	Geralt	4
Dandelion	Geralt	74
Geralt	Dandelion	88
Dandelion	Gar	2
Geralt	Gar	1
Gar	Dandelion	2
Geralt	Dudu	10
Dandelion	Dudu	3
Dudu	Geralt	4
Vimme	Dandelion	4
Dandelion	Vimme	3
Geralt	Vimme	1
Vimme	Geralt	2
Dandelion	Vespula	4
Dudu	Dandelion	1
Dandelion	Little	6
Dandelion	Sword	4
Little	Sword	1
Little	Geralt	9
Sword	Geralt	2
Geralt	Agloval	12
Agloval	Geralt	11
Dandelion	Teleri	2
Geralt	Teleri	1
Geralt	Essi	29
Teleri	Geralt	1
Teleri	Dandelion	1
Teleri	Essi	1
Dandelion	Essi	11
Essi	Geralt	23
Essi	Dandelion	7
Little	Dandelion	7
Geralt	Little	3
Little	Agloval	4
Little	Essi	4
Agloval	Essi	12
Agloval	Dandelion	3
Dandelion	Duke	1
Geralt	Duke	3
Duke	Dandelion	1
Duke	Geralt	3
Geralt	Zelest	5
Dandelion	Zelest	2
Dandelion	Agloval	3
Zelest	Agloval	4
Agloval	Zelest	2
Zelest	Geralt	7
Zelest	Duke	2
Duke	Agloval	2
Agloval	Duke	1
Dandelion	Veverka	2
Veverka	Dandelion	1
Essi	Little	5
Yennefer	Dandelion	2
Dandelion	Yennefer	1
Essi	Agloval	9
Agloval	Little	3
Essi	Yennefer	1
Duke	Zelest	1
Dandelion	Braenn	2
Sword	Braenn	1
Braenn	Geralt	18
Geralt	Freixenet	15
Freixenet	Geralt	12
Geralt	EithnÃ©	13
EithnÃ©	Geralt	18
Geralt	Braenn	17
Braenn	Ciri	10
Geralt	Ciri	35
Ciri	Braenn	13
Ciri	Sir	2
Braenn	Sir	2
Sir	Freixenet	2
Braenn	EithnÃ©	7
EithnÃ©	Braenn	7
Ciri	Geralt	18
EithnÃ©	Ciri	10
Ciri	EithnÃ©	9
Geralt	Aen	1
Aen	Braenn	2
Aen	Geralt	1
Ciri	Freixenet	6
Braenn	Freixenet	1
Freixenet	Ciri	7
EithnÃ©	Venzlav	2
Geralt	Venzlav	6
Venzlav	EithnÃ©	1
Venzlav	Freixenet	4
EithnÃ©	Freixenet	1
Freixenet	EithnÃ©	1
Venzlav	Geralt	2
Freixenet	Braenn	1
Yennefer	EithnÃ©	1
EithnÃ©	Calanthe	1
Geralt	Calanthe	21
Calanthe	EithnÃ©	2
Ciri	Pavetta	2
Pavetta	Ciri	2
Two	Ciri	1
Ciri	Guy	1
Braenn	Mousesack	1
Calanthe	Ciri	1
Calanthe	Mousesack	4
Ciri	Mousesack	2
Mousesack	Ciri	3
Geralt	Mousesack	12
Mousesack	Geralt	8
Yurga	King	3
King	Yurga	2
Yurga	Sir	1
Sir	Yurga	2
Yurga	Yennefer	1
Yennefer	Yurga	1
Geralt	King	1
King	Geralt	3
Geralt	Yurga	27
Yurga	Mousesack	1
Mousesack	Calanthe	5
Calanthe	Geralt	22
Calanthe	Pavetta	6
Geralt	Pavetta	4
Pavetta	Calanthe	8
Pavetta	Geralt	8
Yurga	Visenna	2
Visenna	Geralt	17
Geralt	Visenna	10
Visenna	Yurga	2
Yurga	Geralt	21
Geralt	Triss	1
Yurga	Triss	1
Triss	Geralt	2
Geralt	Roach	2
Yurga	Roach	1
Roach	Yurga	2
Roach	Dandelion	3
Roach	Geralt	2
Dandelion	Calanthe	4
Calanthe	Dandelion	1
Ciri	Dandelion	1
Yurga	Ciri	5
Ciri	Yurga	2
Ciri	Geralt	58
Geralt	Ciri	48
Baron	Dandelion	3
Dandelion	Geralt	13
Dandelion	Yennefer	11
Geralt	Yennefer	19
Geralt	Dandelion	16
Yennefer	Dandelion	8
Yennefer	Geralt	20
Dandelion	Baron	2
Geralt	Baron	1
Dandelion	Sheldon	2
Dandelion	Donimir	1
Sheldon	Donimir	2
Donimir	Sheldon	1
Donimir	Two	1
Two	Dandelion	3
Calanthe	Dandelion	1
Dandelion	Calanthe	2
Sheldon	Baron	1
Sheldon	Dandelion	2
Baron	Sheldon	1
Little	Dandelion	1
Dandelion	Rience	19
Rience	Dandelion	29
Ciri	Dandelion	4
Rience	Ciri	1
Dandelion	Ciri	2
Ciri	Rience	1
Rience	Geralt	20
Dandelion	Sir	1
Sir	Rience	1
Sir	Dandelion	1
Rience	Yennefer	5
King	Dandelion	4
Yennefer	Calanthe	2
Geralt	Calanthe	1
Calanthe	Geralt	3
Calanthe	Rience	1
Geralt	Rience	10
Yennefer	Rience	1
Ciri	Yennefer	68
Ciri	Roach	2
Eskel	Ciri	5
Ciri	Eskel	5
Eskel	Roach	2
Roach	Ciri	1
Roach	Eskel	1
Ciri	Lambert	14
Lambert	Ciri	14
Ciri	Vesemir	11
Vesemir	Geralt	9
Triss	Ciri	64
Ciri	Triss	68
Geralt	Triss	44
Triss	Geralt	34
Triss	Lambert	6
Lambert	Vesemir	4
Vesemir	Ciri	15
Lambert	Triss	8
Triss	Vesemir	14
Vesemir	Triss	9
Vesemir	Lambert	4
Lambert	Geralt	6
Triss	Yennefer	8
Yennefer	Triss	3
Ciri	Two	3
Ciri	Calanthe	5
Vesemir	Eskel	1
Eskel	Triss	4
Triss	Eskel	4
Eskel	Vesemir	2
Eskel	Geralt	2
Geralt	Vesemir	5
Nenneke	Ciri	16
Ciri	Vanielle	1
Triss	Vanielle	1
Vanielle	Ciri	1
Yennefer	Ciri	56
Geralt	Ori	1
Ciri	Ori	1
Ori	Ciri	1
Beau	Ciri	1
Eskel	Lambert	1
Geralt	Eskel	1
Calanthe	Ciri	2
Yennefer	Vanielle	1
Vanielle	Yennefer	1
Vanielle	Geralt	1
Two	Ciri	1
Two	Triss	1
Triss	Forest	1
Forest	Geralt	1
Geralt	Yarpen	8
Yarpen	Geralt	14
Triss	Yarpen	7
Yarpen	Ciri	12
Ciri	Yarpen	24
Triss	King	1
Ciri	King	2
King	Geralt	3
Xavier	Yarpen	1
Xavier	Regan	1
Yarpen	Regan	1
Yannick	Yarpen	1
Paulie	Xavier	1
Xavier	Paulie	1
Paulie	Yannick	1
Yannick	Ciri	1
Yennefer	Yarpen	1
Regan	Yarpen	1
Yarpen	Triss	3
King	Yarpen	2
Yannick	Paulie	1
Paulie	Yarpen	3
Paulie	Triss	1
King	Henselt	2
King	Ciri	1
Henselt	Ciri	1
Ciri	Aelirenn	5
Aelirenn	Ciri	2
Aelirenn	Yarpen	1
Yarpen	Aelirenn	1
Ciri	Yannick	2
Yarpen	Yannick	1
Ciri	Regan	2
Regan	Ciri	2
Ciri	Paulie	5
Paulie	Ciri	3
Ciri	Sword	1
Paulie	Sword	1
Sword	Paulie	2
Yannick	Regan	1
Everett	Geralt	11
Everett	Ciri	1
Ciri	Iola	6
Nenneke	Geralt	4
Nenneke	Beau	1
Geralt	Beau	1
Geralt	Nenneke	4
Beau	Nenneke	1
Beau	Geralt	1
Beau	Iola	1
Nenneke	Iola	2
Geralt	Iola	2
Ciri	Nenneke	12
Geralt	Everett	6
Everett	Foltest	1
Geralt	Foltest	1
Geralt	King	3
Everett	Dandelion	1
Dandelion	Two	3
Dandelion	Shani	9
Shani	Dandelion	8
Shani	Two	1
Dandelion	King	3
Dandelion	Ori	2
Ori	Philippa	2
Rience	Philippa	6
Philippa	Dandelion	8
Dandelion	Philippa	15
Philippa	Ori	1
Philippa	Rience	7
Ori	Rience	3
Philippa	Geralt	9
Geralt	Philippa	10
Rience	King	1
King	Philippa	1
Philippa	Yennefer	1
Yennefer	Philippa	6
Ori	Dandelion	2
Geralt	Shani	7
Shani	Geralt	4
Yennefer	Shani	1
Shani	Philippa	3
King	Foltest	1
Foltest	Meve	1
Meve	Henselt	4
Henselt	Ethain	1
Henselt	Crach	1
Ethain	Crach	1
Ethain	Henselt	1
Crach	Henselt	1
Crach	Emhyr	1
Henselt	Emhyr	1
Henselt	Foltest	1
Ithlinne	Emhyr	2
Emhyr	Foltest	1
Henselt	Meve	2
Calanthe	Crach	3
Crach	Foltest	1
Foltest	Henselt	1
Vilgefortz	Emhyr	1
Vilgefortz	Vissegerd	1
Emhyr	Vissegerd	1
Vissegerd	Foltest	3
Vissegerd	Calanthe	3
Foltest	Vissegerd	4
Foltest	Calanthe	2
Calanthe	Foltest	3
Calanthe	Vissegerd	1
Calanthe	Meve	2
Vissegerd	Meve	2
Ekkehard	Venzlav	1
Venzlav	Foltest	1
King	Meve	2
King	Calanthe	1
Meve	Calanthe	1
Meve	Pavetta	1
Meve	Foltest	1
Calanthe	Pavetta	1
Pavetta	Foltest	2
Foltest	Rience	1
Vissegerd	Rience	1
Rience	Calanthe	1
Rience	Foltest	1
Calanthe	Emhyr	2
Henselt	Vissegerd	1
Meve	Vissegerd	1
Foltest	Emhyr	1
Vissegerd	Emhyr	1
Emhyr	Meve	1
Rience	Windhalm	1
Philippa	Shani	1
Nenneke	Yennefer	13
Two	Rience	1
Shani	Little	1
Shani	Rience	1
Little	Rience	2
Artaud	Tissaia	5
Artaud	Vilgefortz	4
Tissaia	Vilgefortz	7
Vilgefortz	Tissaia	6
Tissaia	Lydia	7
Lydia	Tissaia	6
Lydia	Artaud	4
Tissaia	Artaud	3
Tissaia	Two	1
Artaud	Lydia	5
Artaud	Two	1
Lydia	Two	1
Two	Lydia	2
Two	Tissaia	1
Two	Artaud	1
Vilgefortz	Lydia	4
Lydia	Vilgefortz	4
Vilgefortz	Artaud	3
Aen	Tissaia	1
Aen	Vilgefortz	1
Aen	Yennefer	1
Tissaia	Yennefer	3
Vilgefortz	Yennefer	2
Yennefer	Vilgefortz	1
Yennefer	Lydia	1
Yennefer	Artaud	1
Tissaia	Geralt	1
Rience	Sword	1
Sword	Geralt	1
Triss	Philippa	4
Philippa	Ciri	4
Ciri	Shani	2
Tissaia	Iola	1
Iola	Ciri	8
Iola	Yennefer	3
Yennefer	Iola	1
Jarre	Ciri	16
Ciri	Jarre	8
Jarre	Yennefer	7
Jarre	Nenneke	1
Yennefer	Nenneke	12
Yennefer	Jarre	7
Jarre	Forest	1
Jarre	King	1
Jarre	Geralt	1
Iola	Nenneke	2
Ciri	Jan	1
Dandelion	Essi	1
Dandelion	Blue	1
Essi	Blue	1
Essi	Yennefer	1
Blue	Yennefer	1
Blue	Ciri	1
Geralt	Forest	2
Forest	Ciri	1
Crach	Calanthe	5
Crach	Ciri	2
Calanthe	Eist	1
Ciri	Eist	1
Ciri	Crach	2
Eist	Crach	2
Pavetta	Ciri	2
Yennefer	Ithlinne	1
Yennefer	Sword	1
Nenneke	Ithlinne	1
Nenneke	Sword	1
Ithlinne	Sword	1
Ithlinne	Yennefer	1
Ithlinne	Ciri	1
Sword	Yennefer	1
Sword	Ciri	1
Aplegatt	King	1
King	Aplegatt	2
Aplegatt	Meve	1
Aplegatt	Demavend	2
Aplegatt	Emhyr	1
Meve	Demavend	1
Meve	Emhyr	1
Demavend	Emhyr	1
Emhyr	Vissegerd	1
Vissegerd	Forest	1
Aplegatt	Ciri	2
Ciri	Aplegatt	2
Aplegatt	Yennefer	1
Ciri	Yennefer	31
Yennefer	Aplegatt	1
Aplegatt	Foltest	1
Foltest	Demavend	2
Codringher	Geralt	9
Geralt	Codringher	12
Codringher	Dandelion	3
Rience	Calanthe	1
Rience	Codringher	8
Codringher	Rience	10
Rience	Geralt	4
Geralt	Rience	6
Rience	Yennefer	2
Yennefer	Codringher	2
Yennefer	Rience	2
Codringher	Emhyr	1
Codringher	Philippa	1
Emhyr	Philippa	2
Emhyr	Sabrina	1
Emhyr	Henselt	2
Philippa	Sabrina	4
Philippa	Henselt	1
Sabrina	Henselt	3
Sabrina	Rience	1
Henselt	Rience	1
Codringher	Foltest	1
Codringher	Ciri	2
Foltest	Ciri	1
Foltest	Codringher	1
Ciri	Codringher	1
Ciri	Geralt	7
Rience	King	1
Codringher	King	1
Codringher	Calanthe	3
King	Calanthe	1
Geralt	King	1
King	Rience	1
Calanthe	Roegner	5
Roegner	Pavetta	4
Pavetta	Geralt	1
Geralt	Roegner	2
Codringher	Roegner	1
Roegner	Calanthe	1
Roegner	Ciri	1
Ciri	Calanthe	1
Geralt	Calanthe	1
Geralt	Pavetta	2
Calanthe	Pavetta	5
Pavetta	Calanthe	3
Pavetta	Eist	1
Eist	Calanthe	1
Calanthe	Codringher	1
Pavetta	Codringher	1
Emhyr	King	1
Akerspaark	Emhyr	1
Akerspaark	Horm	1
Horm	Codringher	1
Horm	Akerspaark	1
Codringher	Akerspaark	1
Akerspaark	Geralt	1
Geralt	Akerspaark	1
Geralt	Ciri	9
Akerspaark	Pavetta	1
Akerspaark	Ciri	1
Pavetta	Ciri	1
Ithlinne	Aen	1
Ithlinne	Codringher	1
Ithlinne	Geralt	1
Aen	Codringher	1
Aen	Geralt	1
Yennefer	Gar	2
Geralt	Yennefer	23
Little	Aplegatt	1
Demavend	Aplegatt	2
Aplegatt	Gar	1
Gar	Toruviel	1
Gar	Yaevinn	1
Toruviel	Yaevinn	1
Yaevinn	Toruviel	2
Toruviel	Aplegatt	1
Dandelion	Two	1
Yennefer	Ciri	26
Ciri	Yarpen	3
Yarpen	Yennefer	2
Yennefer	Jarre	1
Ciri	Jarre	3
Jarre	Molnar	1
Molnar	Ciri	5
Ciri	Molnar	4
Molnar	Yennefer	2
Yennefer	Molnar	5
Yennefer	Emhyr	1
Foltest	Molnar	1
Yennefer	Fifteen	1
Molnar	Little	1
Little	Yennefer	1
Little	Molnar	1
Fabio	Ciri	18
Ciri	Fabio	21
Fabio	Yennefer	2
Fabio	Molnar	1
Yennefer	Fabio	2
Molnar	Fabio	1
Fabio	Gar	1
Count	Ciri	1
Ciri	Nenneke	2
Fabio	Nenneke	1
Nenneke	Gar	1
Gar	Ciri	6
Two	Ciri	3
Two	Fabio	1
Jarre	Yennefer	1
Ciri	Tissaia	3
Ciri	Anna	1
Anna	Ciri	1
Anna	Yennefer	1
Yennefer	Margarita	2
Tissaia	Margarita	2
Tissaia	Yennefer	5
Tissaia	Ciri	2
Margarita	Yennefer	2
Falka	Rayla	2
Rayla	Ciri	1
Yennefer	Rayla	1
Ciri	Rayla	3
Margarita	Tissaia	2
Ciri	Margarita	1
Tissaia	Geralt	4
Yennefer	Geralt	19
Ciri	Gar	2
Ciri	Yaevinn	2
Ciri	King	1
Ciri	Bran	2
King	Ciri	2
King	Bran	1
Bran	Ciri	1
Dandelion	Falka	1
Count	Dandelion	1
Dandelion	Yennefer	1
Yennefer	Dandelion	5
Dandelion	Ciri	4
Ciri	Dandelion	7
Geralt	Dandelion	11
Sabrina	Geralt	3
Yennefer	Sabrina	3
Geralt	Sabrina	3
Henselt	Sabrina	1
Geralt	Philippa	3
Yennefer	Philippa	4
Sabrina	Yennefer	2
Yennefer	Henselt	1
Henselt	Yennefer	1
Philippa	Triss	4
Triss	Philippa	2
Triss	Yennefer	4
Philippa	Yennefer	4
Yennefer	Triss	6
Triss	Geralt	3
Geralt	Triss	4
Geralt	Esterad	1
Triss	Esterad	2
Geralt	Vilgefortz	12
Geralt	Francesca	1
Vilgefortz	Francesca	3
Vilgefortz	Carduin	2
Carduin	Philippa	2
Philippa	Geralt	3
Geralt	Count	1
Two	King	1
Francesca	Sabrina	1
Marti	Sabrina	2
Sabrina	Marti	2
Marti	Geralt	2
Geralt	Dorregaray	5
Yennefer	Dorregaray	1
Dorregaray	Geralt	3
Sabrina	Dorregaray	1
Philippa	Dorregaray	1
Dorregaray	Sabrina	1
Sabrina	Ethain	1
Ethain	Sabrina	1
Ethain	Henselt	1
Henselt	Marti	1
Yennefer	Keira	2
Keira	Sabrina	1
Sabrina	Keira	1
Keira	Marti	2
Keira	Philippa	1
Marti	Philippa	2
Philippa	Keira	3
Philippa	Marti	2
Yennefer	Vilgefortz	5
Yennefer	Artaud	1
Yennefer	Francesca	2
Yennefer	Tissaia	5
Artaud	Yennefer	1
Artaud	Francesca	1
Artaud	Tissaia	2
Francesca	Tissaia	2
Tissaia	Vilgefortz	8
Vilgefortz	Geralt	10
Vilgefortz	Yennefer	4
Vilgefortz	Tissaia	1
Lydia	Vilgefortz	4
Geralt	Lydia	4
Beau	Vilgefortz	1
Leticia	Tissaia	1
Leticia	Lydia	1
Tissaia	Lydia	3
Lydia	Geralt	3
Lydia	Falka	1
Geralt	Falka	3
Aen	Lydia	1
Lydia	Ciri	1
Ciri	Lydia	1
Geralt	Gar	3
Yennefer	Lydia	1
Vilgefortz	Ciri	1
Vilgefortz	Codringher	2
Ciri	Triss	1
Falka	Pavetta	2
Falka	Ithlinne	2
Pavetta	Falka	1
Pavetta	Ithlinne	1
Ithlinne	Falka	1
Falka	Codringher	1
Codringher	Falka	1
Falka	Geralt	1
Rience	Emhyr	1
Artaud	Keira	1
Artaud	Geralt	1
Keira	Geralt	5
Geralt	Keira	3
Keira	Yennefer	3
Lydia	Sabrina	1
Sabrina	Triss	1
Sabrina	Lydia	1
Triss	Lydia	2
Triss	Vilgefortz	2
Gar	Philippa	2
Gar	Marti	1
Lydia	Tissaia	1
Geralt	Tissaia	2
Geralt	Artaud	1
Tissaia	Artaud	1
Tissaia	Philippa	6
Lydia	Artaud	1
Lydia	Philippa	3
Artaud	Philippa	2
Philippa	Tissaia	3
Triss	Keira	1
Triss	Tissaia	1
Keira	Tissaia	2
Tissaia	Francesca	3
Keira	Gar	4
Sigismund	Voymir	1
Philippa	King	3
Dorregaray	Marti	1
Dorregaray	Carduin	2
Marti	Carduin	2
Marti	Gar	1
Carduin	Gar	3
Gar	Carduin	1
Philippa	Carduin	1
Carduin	Tissaia	1
Gar	Tissaia	1
Gar	Francesca	1
Francesca	Vilgefortz	1
Francesca	Marti	1
Francesca	Dorregaray	1
Vilgefortz	Marti	1
Vilgefortz	Dorregaray	1
Marti	Dorregaray	1
Gar	Yennefer	3
Gar	Keira	1
Keira	Vilgefortz	1
Philippa	Demavend	2
Sabrina	Demavend	1
Sabrina	Tissaia	1
Demavend	Tissaia	1
Demavend	Philippa	1
Tissaia	Demavend	1
Esterad	Carduin	1
Esterad	Sabrina	1
Carduin	Sabrina	1
Sabrina	Emhyr	1
Emhyr	Vilgefortz	4
Vilgefortz	Emhyr	5
Francesca	Emhyr	1
Francesca	Philippa	1
Philippa	Lydia	2
Emhyr	Tissaia	1
Sabrina	Foltest	1
Sabrina	Philippa	1
Foltest	Philippa	1
Foltest	King	2
King	Tissaia	2
King	Philippa	1
Rience	Vilgefortz	1
Margarita	Ciri	1
Ciri	Emhyr	2
Emhyr	Ciri	2
Ciri	Vilgefortz	4
Gar	Vilgefortz	1
Emhyr	Geralt	1
Artaud	Emhyr	1
Artaud	Vilgefortz	1
Emhyr	Codringher	1
Gar	Triss	1
Triss	King	1
Tissaia	Triss	1
Emhyr	Morvran	1
Emhyr	Jan	1
Morvran	Jan	1
Dandelion	Venzlav	1
Dandelion	Geralt	8
Gar	Geralt	1
Dandelion	Triss	2
Triss	Venzlav	1
Venzlav	Geralt	1
Venzlav	Dandelion	1
Geralt	Fauve	1
Fauve	Dandelion	2
Emhyr	Two	1
King	Demavend	1
Bronibor	Foltest	1
Bronibor	Emhyr	1
Foltest	Emhyr	3
Demavend	Hereward	2
Hereward	Emhyr	1
King	Emhyr	1
Ciri	Henselt	1
Henselt	Foltest	1
Henselt	Demavend	1
Demavend	Dandelion	1
Dandelion	Menno	1
Menno	Geralt	1
Esterad	Vilgefortz	2
Esterad	Emhyr	2
Vilgefortz	Dandelion	2
Emhyr	Dandelion	1
Filavandrel	Henselt	2
Emhyr	Filavandrel	3
Emhyr	Foltest	1
Filavandrel	Foltest	1
Foltest	Henselt	1
Henselt	Emhyr	1
Emhyr	Aen	1
Dandelion	Gar	1
Dandelion	Fauve	1
Gar	Fauve	1
Gar	Dandelion	1
Ardal	Emhyr	1
Count	Emhyr	1
Vattier	Emhyr	1
Vattier	Stefan	1
Emhyr	Stefan	2
Emhyr	Xarthisius	1
Xarthisius	Emhyr	1
Emhyr	Vattier	1
Vattier	Ceallach	1
Xarthisius	Vilgefortz	1
Cahir	Emhyr	1
Emhyr	Cahir	1
Cahir	Ceallach	1
Cahir	Vattier	1
Ceallach	Vattier	1
Vattier	Adda	1
Adda	Ciri	1
Jarre	Geralt	1
Ciri	Seven	1
Ciri	Little	10
Little	Ciri	7
Aen	Ciri	2
Calanthe	Paulie	1
Calanthe	Vilgefortz	1
Paulie	Vilgefortz	1
Vilgefortz	Triss	1
Little	Falka	1
Blue	Ciri	6
Ciri	Blue	6
Ciri	Two	3
Blue	Two	11
Two	Blue	6
Blue	Sir	1
Ciri	Sir	1
Sir	Blue	1
Ciri	Kayleigh	14
Kayleigh	Baron	4
Baron	Ciri	2
Baron	Kayleigh	1
Kayleigh	Ciri	14
Kayleigh	Iskra	2
Iskra	Ciri	11
Ciri	Mistle	12
Mistle	Little	1
Ciri	Iskra	2
Iskra	Kayleigh	6
Kayleigh	Mistle	6
Mistle	Ciri	7
Mistle	Iskra	4
Mistle	Kayleigh	3
Falka	Ciri	2
Ciri	Falka	3
Mistle	Falka	1
Falka	Mistle	1
Kayleigh	Emhyr	1
Emhyr	Kayleigh	1
Aen	Mistle	1
Aen	Rudiger	1
Mistle	Rudiger	1
Rudiger	Mistle	1
Mistle	Asse	2
Kayleigh	Asse	1
Milva	Forest	1
Forest	Milva	1
Maria	Milva	6
Codringher	Milva	2
Milva	Geralt	51
Milva	Maria	4
Geralt	Maria	1
Milva	Ori	7
Ori	Philippa	4
Philippa	Ori	2
Ori	Triss	1
Philippa	Triss	3
Yennefer	Artaud	1
Artaud	Yennefer	1
Artaud	Ori	2
Yennefer	Ori	2
Yennefer	Milva	2
Ori	Milva	8
Ori	Maria	1
Emhyr	Milva	2
Shilard	Francesca	1
Ori	Stefan	1
Philippa	Stefan	1
Philippa	Emhyr	3
Stefan	Emhyr	1
Milva	Little	1
Little	Aen	1
Little	Milva	1
Aen	Milva	2
Milva	Toruviel	3
Toruviel	Milva	3
Margarita	Philippa	3
Philippa	Keira	2
Keira	Triss	3
Keira	Philippa	3
Triss	Philippa	5
Philippa	Assire	5
Assire	Philippa	8
Philippa	Sabrina	8
Sabrina	Sheala	1
Sabrina	Francesca	4
Sheala	Francesca	4
Francesca	Philippa	7
Philippa	Margarita	2
Philippa	Francesca	3
Margarita	Francesca	1
Margarita	Assire	2
Francesca	Assire	4
Sabrina	Philippa	5
Sabrina	Emhyr	2
Francesca	Sabrina	2
Philippa	Sheala	1
Sheala	Philippa	5
Assire	Sabrina	2
Margarita	Sheala	2
Francesca	King	1
King	Francesca	1
King	Assire	1
King	Triss	1
Francesca	Triss	2
Francesca	Keira	2
Assire	Triss	2
Assire	Keira	1
Triss	Keira	1
Triss	Sabrina	1
Keira	Sabrina	1
Sabrina	Assire	4
Francesca	Emhyr	1
Assire	Emhyr	2
Sabrina	Margarita	1
Emhyr	Margarita	1
Emhyr	Sheala	1
Sheala	Assire	1
Assire	Francesca	6
Francesca	Sheala	1
Two	Mistle	1
Two	Falka	1
Mistle	Falka	3
Asse	Kayleigh	1
Asse	Little	1
Kayleigh	Little	1
Falka	Little	1
Dandelion	Geralt	72
Geralt	Dandelion	70
Dandelion	Roach	3
Roach	Dandelion	3
Dandelion	Riordain	1
Aen	Dandelion	2
Aen	Geralt	1
Geralt	Milva	45
Dandelion	Milva	60
Milva	Dandelion	61
Milva	Ciri	15
Geralt	Ciri	5
Dandelion	Ciri	7
Ciri	Milva	13
Milva	Emhyr	1
Emhyr	Ciri	3
Ciri	Geralt	9
Ciri	Emhyr	1
Geralt	Emhyr	2
Geralt	Roach	2
Milva	Roach	4
Dandelion	Zoltan	29
Milva	Zoltan	34
Milva	Field	3
Zoltan	Field	8
Field	Percival	3
Field	Zoltan	5
Percival	Zoltan	18
Geralt	Zoltan	44
Zoltan	Milva	27
Zoltan	Munro	3
Zoltan	Figgis	1
Munro	Figgis	1
Munro	Zoltan	3
Figgis	Zoltan	1
Figgis	Geralt	2
Figgis	Dandelion	1
Zoltan	Geralt	33
Zoltan	Dandelion	27
Dandelion	Figgis	2
Figgis	Milva	3
Milva	Percival	10
Percival	Geralt	14
Munro	Geralt	2
Geralt	Field	6
Field	Milva	3
Zoltan	Percival	25
Ciri	Dandelion	7
Maria	Zoltan	1
Geralt	Percival	8
Munro	Percival	1
Percival	Milva	4
Cahir	Zoltan	2
Zoltan	Ciri	4
Geralt	Cahir	11
Philippa	Zoltan	1
Zoltan	King	1
King	Percival	1
Dandelion	Field	3
Field	Two	1
Two	Zoltan	3
Dandelion	Percival	14
Percival	Figgis	1
Field	Geralt	4
Emiel	Zoltan	3
Emiel	Geralt	3
Zoltan	Emiel	2
Geralt	Sir	2
Sir	Zoltan	2
Zoltan	Sir	1
Percival	Dandelion	4
Yennefer	Dandelion	3
Yennefer	Geralt	7
Zoltan	Two	2
Geralt	Two	2
Two	Percival	1
Zoltan	Brouver	1
Percival	King	1
King	Brouver	1
Dandelion	Count	5
Ciri	Count	2
Falka	Ciri	5
Ciri	Falka	1
Falka	Kayleigh	1
Ciri	Kayleigh	3
Kayleigh	Ciri	1
Emiel	Percival	1
Geralt	Emiel	2
Munro	Dandelion	1
Munro	Milva	2
Two	Dandelion	1
Dandelion	Munro	1
Percival	Sir	2
Geralt	Count	4
Count	Dandelion	4
Field	Sir	1
Sir	Percival	1
Geralt	Kayleigh	1
Mistle	Ciri	5
Dandelion	Aubry	1
Dandelion	Sir	4
Aubry	Sir	2
Aubry	Geralt	1
Aubry	Dandelion	1
Sir	Geralt	3
Sir	Dandelion	3
Dandelion	Emhyr	2
Daniel	Dandelion	1
Count	Foltest	1
Count	Geralt	2
Foltest	Geralt	1
Foltest	Count	1
Calanthe	Pavetta	1
Calanthe	Geralt	1
Pavetta	Geralt	1
Count	Daniel	1
Dandelion	Daniel	1
Dandelion	Calanthe	1
Daniel	Calanthe	1
Daniel	Emhyr	1
Calanthe	Emhyr	1
Emhyr	Calanthe	2
Vissegerd	Foltest	2
Vissegerd	Daniel	1
Foltest	Daniel	1
Foltest	Vissegerd	1
Daniel	Vissegerd	1
Vissegerd	Geralt	8
Geralt	Vissegerd	7
Dandelion	Vissegerd	9
Vissegerd	Count	4
Count	Vissegerd	3
Count	Sir	3
Vissegerd	Sir	2
Sir	Vissegerd	1
Vreemde	Morteisen	1
Cahir	Dandelion	12
Sir	Demavend	1
Demavend	Vilgefortz	1
Demavend	Rience	1
Vilgefortz	Rience	1
Vattier	Francesca	1
Francesca	Cahir	1
Cahir	Rience	2
Stefan	Vattier	1
Stefan	Milva	1
Vattier	Milva	1
Ciri	Beau	2
Ciri	Cahir	5
Beau	Cahir	1
Cahir	Milva	18
Cahir	Ciri	3
Milva	Fringilla	1
Milva	Assire	1
Ciri	Fringilla	5
Ciri	Assire	2
Fringilla	Assire	5
Fringilla	Merlin	1
Assire	Merlin	1
Merlin	Assire	2
Merlin	Fringilla	1
Assire	Fringilla	9
Assire	King	1
Assire	Albrich	1
King	Albrich	1
Albrich	Assire	1
Assire	Xarthisius	2
Stella	Assire	1
Stella	Emhyr	1
Emhyr	Fringilla	1
Emhyr	Xarthisius	1
Fringilla	Xarthisius	1
Fringilla	Emhyr	1
Xarthisius	Emhyr	1
Emhyr	Cahir	4
Cahir	Emhyr	3
Emhyr	Assire	3
Cahir	Assire	2
Assire	Cahir	1
Cahir	Fringilla	1
Cahir	Seven	2
Milva	Cahir	19
Milva	Seven	1
Seven	Milva	4
Vissegerd	Dandelion	3
Dandelion	Gar	1
Vissegerd	Gar	1
Gar	Geralt	1
Gar	Vissegerd	1
Geralt	Yennefer	4
Dandelion	Seven	3
Geralt	Seven	3
Seven	Dandelion	2
Seven	Cahir	1
Dandelion	Cahir	21
Philippa	Dandelion	1
Milva	Emiel	1
Cahir	Geralt	25
Kayleigh	Mistle	1
Mistle	Kayleigh	1
Falka	Mistle	3
Mistle	Cahir	1
Milva	Yennefer	1
Dandelion	Yennefer	1
Ciri	Mistle	4
Vattier	Ida	1
Ida	Francesca	1
Ida	Henselt	1
Francesca	Henselt	1
Francesca	Ida	1
Philippa	Ida	4
Margarita	Sabrina	3
Margarita	Ida	1
Margarita	Ithlinne	1
Philippa	Ithlinne	1
Sabrina	Ida	2
Sabrina	Ithlinne	1
Ida	Ithlinne	1
Ithlinne	Francesca	1
Francesca	Yennefer	6
Yennefer	Francesca	10
Yennefer	Gar	2
Francesca	Gar	1
Francesca	Ciri	2
Gar	Ciri	1
Gar	Yennefer	1
Ciri	Yennefer	10
Ciri	Francesca	3
Yennefer	Vilgefortz	2
Yennefer	Tissaia	1
Francesca	Vilgefortz	1
Francesca	Tissaia	1
Vilgefortz	Tissaia	1
Vilgefortz	Francesca	1
Tissaia	Francesca	1
Geralt	Francesca	1
Keira	Ciri	1
Ciri	Vilgefortz	4
Vilgefortz	Yennefer	4
Yennefer	Triss	4
Yennefer	Philippa	7
Yennefer	Ciri	7
Ciri	Philippa	1
Philippa	Ciri	3
Fringilla	Philippa	7
Philippa	Fringilla	6
Fringilla	Triss	2
Sabrina	Fringilla	2
Fringilla	Sabrina	1
Fringilla	Keira	1
Sabrina	Keira	1
Sabrina	Triss	2
Yennefer	Keira	1
Keira	Fringilla	1
Keira	Ida	1
Triss	Fringilla	1
Triss	Ida	1
Triss	Blue	1
Philippa	Blue	1
Philippa	Aen	1
Fringilla	Ida	2
Fringilla	Blue	1
Fringilla	Aen	2
Ida	Blue	1
Ida	Aen	2
Blue	Aen	2
Blue	Ida	1
Aen	Ida	2
Aen	Fringilla	1
Ida	Fringilla	1
Fringilla	Yennefer	8
Yennefer	Fringilla	12
Philippa	Yennefer	4
Ciri	Iskra	3
Iskra	Ciri	1
Ciri	Asse	1
Asse	Ciri	1
Iskra	Kayleigh	1
Baron	Philippa	1
Fringilla	Ciri	1
Assire	Ciri	1
Assire	Yennefer	5
Yennefer	Assire	4
Triss	Assire	1
Assire	Rience	1
Rience	Ciri	1
Tissaia	Ida	1
Ida	Sabrina	1
Ida	Assire	1
Ida	Philippa	1
Keira	Francesca	1
Francesca	Falka	3
Falka	Sabrina	1
Falka	Assire	1
Falka	Francesca	1
Sabrina	Falka	1
Assire	Falka	2
Falka	Yennefer	1
Philippa	Falka	2
Falka	Anna	1
Ciri	Anna	1
Anna	Beau	1
Anna	Francesca	1
Beau	Francesca	1
Sabrina	Adalia	1
Adalia	Assire	2
Francesca	Adalia	1
Assire	Adalia	2
Adalia	Yennefer	2
Adalia	Calanthe	1
Adalia	Margarita	1
Adalia	Anna	1
Calanthe	Margarita	1
Calanthe	Anna	1
Margarita	Anna	1
Anna	Assire	1
Geralt	Fringilla	1
Ciri	Sabrina	4
Triss	Emhyr	1
Emhyr	Keira	2
Emhyr	Yennefer	1
Triss	Yennefer	3
Vilgefortz	Sir	3
Vilgefortz	Ida	2
Ida	Yennefer	1
Ida	Margarita	1
Ida	Ciri	2
Yennefer	Margarita	1
Yennefer	Sabrina	2
Margarita	Ciri	2
Margarita	Vilgefortz	1
Sabrina	Vilgefortz	1
Triss	Geralt	1
Sabrina	Yennefer	1
Sabrina	Ciri	1
Fringilla	Two	1
Two	Seven	1
Two	Connor	1
Seven	Connor	1
Vilgefortz	Ciri	1
Geralt	Forest	1
Emiel	Roach	1
Roach	Cahir	1
Geralt	Blue	1
Milva	Blue	1
Blue	Cahir	2
Blue	Milva	1
King	Dandelion	1
Geralt	Ethain	1
Ethain	Cahir	2
Ethain	Dandelion	1
Ciri	Zoltan	2
Cahir	Vissegerd	1
Geralt	Vesemir	1
Geralt	Dyffryn	1
Vesemir	Dandelion	1
Vesemir	Cahir	1
Vesemir	Dyffryn	1
Dandelion	Dyffryn	1
Cahir	Dyffryn	1
Dyffryn	Dandelion	1
Cahir	Roach	1
Cahir	Two	1
Roach	Milva	1
Meve	Geralt	5
Geralt	Meve	3
Meve	Milva	1
Milva	Meve	1
Zuleyka	Philippa	2
Zuleyka	Vesemir	1
Philippa	Vesemir	1
Philippa	Sigrdrifa	1
Vesemir	Sigrdrifa	1
Vesemir	Zyvik	1
Sigrdrifa	Zyvik	1
Jarre	Triss	2
Nenneke	Triss	3
Nenneke	Jarre	2
Triss	Jarre	1
Stefan	Ciri	1
Vysogota	Ciri	20
Ciri	Vysogota	14
Vysogota	Kelpie	2
Kelpie	Ciri	10
Ciri	Kelpie	8
Aen	Ciri	1
Asse	Falka	2
Falka	Asse	1
Kayleigh	Falka	2
Emhyr	Mistle	3
Mistle	Falka	1
Falka	Kayleigh	1
Falka	Ciri	6
Falka	Baron	4
Ciri	Baron	5
Baron	Ciri	2
Ciri	Falka	7
Baron	Asse	1
Mistle	Ciri	11
Mistle	Asse	1
Ciri	Asse	1
Kayleigh	Mistle	3
Kayleigh	Asse	2
Ciri	Mistle	12
Kayleigh	Emhyr	1
Emhyr	Ciri	4
Ciri	Calanthe	2
Calanthe	Ciri	8
Calanthe	Falka	1
Ciri	Emhyr	6
Falka	Emhyr	1
Asse	Kayleigh	1
Baron	Vysogota	1
Falka	Mistle	2
Yennefer	Ciri	16
Mistle	Vysogota	1
Mistle	Kayleigh	2
Milva	Geralt	11
Geralt	Meve	5
Meve	Geralt	3
Geralt	Milva	17
Milva	Meve	1
Ciri	Meve	1
Meve	Milva	3
Milva	Cahir	5
Cahir	Geralt	25
Milva	Roach	2
Roach	Milva	1
Geralt	King	1
Geralt	Ciri	7
Ciri	Geralt	10
Geralt	Forest	2
Geralt	Yennefer	4
Yennefer	Triss	2
Yennefer	Crach	11
Dandelion	Ciri	2
Milva	Dandelion	11
Cahir	Dandelion	5
Geralt	Dandelion	11
Dandelion	Cahir	3
Dandelion	Count	1
Count	Dandelion	1
Milva	Ciri	1
Ciri	Dandelion	1
Ciri	Milva	1
Dandelion	Milva	4
Ciri	Cahir	7
Calanthe	Cahir	1
Vattier	Emhyr	2
Vattier	Cahir	2
Vattier	Ceallach	2
Cahir	Ceallach	1
Cahir	Vattier	2
Ceallach	Vattier	1
Vattier	Vilgefortz	3
Vattier	Rience	5
Rience	Vilgefortz	12
Vilgefortz	Vattier	2
Vilgefortz	Rience	9
Rience	Vattier	8
Ceallach	Rience	2
Ceallach	Meve	1
Meve	Rience	1
Meve	Cahir	1
Rience	Cahir	1
Vattier	Stefan	3
Rience	Stefan	1
Vattier	Carthia	2
Emhyr	Vattier	2
Stefan	Rience	3
Stefan	Vattier	1
Carthia	Vattier	1
Cahir	Forest	1
Cahir	Ciri	5
Forest	Ciri	1
Forest	Geralt	1
Geralt	Cahir	24
Dandelion	Geralt	6
Falka	Joanna	1
Baron	Falka	4
Kelpie	Vysogota	1
Kelpie	Baron	1
Emhyr	Leo	1
Leo	Ciri	3
Ciri	Windsor	2
Ciri	Leo	1
Windsor	Baron	2
Windsor	Ciri	4
Leo	Falka	1
Baron	Windsor	2
Windsor	Leo	1
Falka	Windsor	2
Windsor	Falka	1
Stavro	Baron	3
Stavro	Ciri	6
Ciri	Stavro	3
Little	Stavro	1
Stavro	Falka	1
Windsor	Stavro	1
Cahir	Milva	7
Beau	Geralt	3
Dandelion	Vissegerd	3
Vissegerd	Meve	1
Cahir	Beau	1
Beau	Ciri	1
Emhyr	Cahir	1
Emhyr	Geralt	2
Two	Cahir	1
Yennefer	Vysogota	1
Geralt	Vysogota	1
Geralt	Golan	1
Golan	Geralt	1
Two	Geralt	3
Geralt	Beau	2
Sword	Geralt	1
Codringher	Geralt	1
Geralt	Codringher	1
Geralt	Vilgefortz	1
Codringher	Vilgefortz	1
Cahir	Two	1
Geralt	Emiel	1
Geralt	Aen	1
Aen	Ithlinne	1
Geralt	Ithlinne	1
Geralt	Julia	1
Julia	Baron	2
Julia	Two	1
Baron	Two	1
Baron	Dandelion	1
Baron	Julia	1
Dandelion	Julia	3
Julia	Beau	1
Beau	Baron	1
Geralt	Baron	3
Baron	Anna	1
Anna	Geralt	1
Milva	Beau	1
Dandelion	Beau	1
Beau	Julia	1
Julia	Geralt	1
Baron	Beau	1
Milva	Emiel	1
Emiel	Geralt	1
Count	Radovid	3
Radovid	Count	1
Radovid	King	3
Baron	Count	1
Esterad	Zuleyka	8
Esterad	King	4
King	Zuleyka	3
King	Philippa	1
King	Esterad	3
King	Blue	1
Blue	Esterad	1
Emhyr	King	1
King	Demavend	1
King	Henselt	1
King	Emhyr	2
Demavend	Henselt	1
Demavend	King	1
Demavend	Emhyr	1
Demavend	Foltest	1
Henselt	King	1
Henselt	Emhyr	1
Henselt	Foltest	1
King	Foltest	2
Emhyr	Foltest	4
Carthia	Assire	1
Assire	Vattier	3
Vattier	Assire	5
Assire	Menno	1
Menno	Assire	1
Assire	Carthia	3
Assire	Emhyr	1
Assire	Fringilla	2
Fringilla	Assire	2
Assire	Philippa	3
Philippa	Assire	2
Fergus	Emhyr	1
Emhyr	Esterad	3
Foltest	Esterad	1
Zuleyka	Esterad	5
Esterad	Ciri	1
Esterad	Emhyr	1
Zuleyka	Lebioda	4
Lebioda	Emhyr	1
Emhyr	Zuleyka	1
Jacob	Esterad	1
Lebioda	Esterad	2
Lebioda	Zuleyka	2
Esterad	Lebioda	1
Lebioda	King	1
Duke	Esterad	3
Esterad	Duke	2
Julia	Zuleyka	1
Zuleyka	Duke	1
Zuleyka	King	1
King	Baron	1
Ciri	Zuleyka	1
Esterad	Ithlinne	1
Vilgefortz	Yennefer	3
Yennefer	Vilgefortz	7
Vilgefortz	Philippa	2
Two	Yennefer	1
Crach	Ciri	5
Ciri	Crach	6
Fringilla	Philippa	1
Philippa	Crach	1
Crach	Yennefer	10
Crach	Calanthe	1
Yennefer	Calanthe	1
Ciri	Yennefer	10
Crach	Pavetta	2
Ciri	Pavetta	2
Pavetta	Yennefer	2
Pavetta	Geralt	1
Pavetta	Crach	2
Yennefer	Geralt	3
Geralt	Crach	1
Sigrdrifa	Crach	1
Sigrdrifa	Yennefer	6
Yennefer	Sigrdrifa	7
Sigrdrifa	Ciri	4
Ciri	Sigrdrifa	1
Geralt	Fringilla	1
Emhyr	Vissegerd	1
Ciri	Vissegerd	1
Triss	Crach	5
Crach	Philippa	2
Triss	Yennefer	3
Triss	Ciri	5
Crach	Sigrdrifa	1
Sigrdrifa	Vilgefortz	1
Vilgefortz	Crach	1
Crach	Triss	1
Ciri	Triss	3
Ciri	Vilgefortz	3
Vysogota	Asse	2
Asse	Kelpie	2
Vissegerd	Geralt	1
Vissegerd	Dandelion	1
Geralt	Vissegerd	1
Vissegerd	Ciri	1
Yennefer	Hjalmar	3
Crach	Hjalmar	3
Yennefer	Pavetta	1
Hjalmar	Ciri	1
Hjalmar	Pavetta	1
Calanthe	Radovid	1
Calanthe	Hjalmar	2
Ciri	Radovid	1
Ciri	Hjalmar	2
Radovid	Calanthe	1
Radovid	Ciri	1
Radovid	Hjalmar	1
Hjalmar	Crach	4
Hjalmar	Yennefer	1
Yennefer	Philippa	2
Philippa	Yennefer	2
Philippa	Ciri	3
Philippa	Vilgefortz	1
Triss	Geralt	1
Crach	Two	1
Joanna	Stefan	1
Yennefer	Rience	3
Rience	Ciri	2
Ciri	Rience	3
Vysogota	Rience	1
Rience	Vysogota	1
Rience	Falka	2
Rience	Emhyr	1
Vilgefortz	Sir	2
Vilgefortz	Ithlinne	1
Sir	Ithlinne	1
Vilgefortz	Ardal	1
Ardal	Emhyr	1
Emhyr	Stefan	1
Rience	Duke	1
Duke	Vattier	2
Two	Sir	1
Vysogota	Yennefer	1
Falka	Ori	1
Jan	Two	1
Two	Jan	1
Falka	Rience	1
Ciri	Jan	2
Jan	Ciri	2
Iola	Milo	1
Iola	Nenneke	3
Milo	Nenneke	1
Iola	Jarre	1
Ciri	Nenneke	2
Iola	Ciri	1
Iola	Triss	1
Triss	Nenneke	1
Nenneke	Ciri	1
Ciri	Jarre	2
Jarre	Ciri	2
Jarre	Nenneke	1
Vilgefortz	Ciri	1
Vilgefortz	Triss	1
Rience	Ori	1
Rience	Yennefer	1
Kelpie	Iola	1
Mistle	Geralt	1
Arthur	Merlin	3
Merlin	Arthur	1
Merlin	Sir	2
Arthur	Sir	1
Nimue	Dandelion	3
Dandelion	Nimue	1
Dandelion	Two	1
Nimue	Two	1
Geralt	Nimue	1
Yennefer	Nimue	2
Beau	Ciri	5
Ciri	Nimue	4
Nimue	Ciri	9
Ciri	Lydia	1
Lydia	Nimue	1
Stella	Count	2
Stella	Emhyr	6
Count	Emhyr	6
Count	Stella	4
Emhyr	Vattier	2
Emhyr	Stella	3
Emhyr	Count	1
Emhyr	Beau	1
Nimue	Emhyr	2
Emhyr	Nimue	1
Nimue	King	2
Emhyr	King	1
King	Ciri	3
Ciri	Emhyr	7
Dandelion	Jan	1
Jan	Nimue	1
Cahir	Count	1
Cahir	Dandelion	4
Count	Dandelion	1
Dandelion	Geralt	15
Nimue	Geralt	1
Geralt	Dandelion	28
Geralt	Count	1
Dandelion	Count	3
Margarita	Francesca	4
Francesca	Ida	3
Ciri	Vilgefortz	15
Yennefer	Jan	1
Jan	Vilgefortz	1
Vilgefortz	Ciri	11
Vilgefortz	Yennefer	19
Ciri	Yennefer	40
Yennefer	Ciri	44
Yennefer	Vilgefortz	20
Yennefer	Geralt	25
Geralt	Ciri	34
Geralt	Yennefer	15
Vilgefortz	Emhyr	7
Emhyr	Stefan	2
Emhyr	Yennefer	3
Stefan	Yennefer	2
Stefan	Vilgefortz	3
Yennefer	Stefan	2
Nimue	Everett	1
Reynart	Geralt	7
Reynard	Geralt	1
Beau	Geralt	3
Beau	Roach	1
Geralt	Roach	2
Sir	Geralt	3
Sir	Milva	1
Geralt	Milva	14
Geralt	Cahir	11
Milva	Cahir	6
Cahir	Milva	8
Cahir	Beau	1
Milva	Beau	1
Reynart	Anna	2
Anna	Reynart	1
Anna	Dandelion	3
Anna	Julia	2
Anna	Sir	1
Reynart	Dandelion	3
Reynart	Julia	1
Reynart	Sir	1
Dandelion	Julia	5
Dandelion	Sir	1
Julia	Sir	1
Julia	Geralt	3
Geralt	Sir	3
Cahir	Reynart	2
Reynart	Count	1
Count	Geralt	3
Geralt	Reynart	11
Reynart	Two	1
Geralt	Two	2
Two	Reynart	1
Reynart	Beau	3
Beau	Reynart	3
Beau	Cahir	2
Geralt	Beau	8
Reynart	Cahir	2
Dandelion	Milva	2
Geralt	Julia	1
Beau	Julia	2
Beau	Dandelion	3
Julia	Dandelion	5
Anna	Geralt	3
Geralt	Anna	1
Beau	Anna	1
Dandelion	Fringilla	4
Fringilla	Geralt	12
Geralt	Fringilla	22
Reynart	Milva	2
Fringilla	Milva	4
Anna	Ciri	2
Dandelion	Ciri	7
Ciri	Pavetta	2
Ciri	Dandelion	12
Emhyr	Geralt	4
Milva	Geralt	9
Geralt	Baron	3
Geralt	Palmerin	2
Baron	Palmerin	1
Palmerin	Baron	2
Palmerin	Geralt	1
Milva	Reynart	1
Milva	Ciri	1
Count	Fringilla	1
Baron	Anna	1
Dandelion	Emiel	1
Emiel	Geralt	4
Milva	Fringilla	2
Milva	Baron	6
Fringilla	Baron	1
Baron	Geralt	1
Baron	Milva	7
Milva	Seven	1
Baron	Seven	1
Seven	Baron	1
Seven	Milva	1
Geralt	Gar	1
Fringilla	Fulko	3
Reynart	Roach	1
Sir	Dandelion	1
Sir	Cahir	1
Dandelion	Cahir	2
Dandelion	Roach	2
Ciri	Fringilla	3
Fringilla	Dandelion	3
Jan	Fringilla	1
Jan	Geralt	2
Geralt	King	2
Roach	Two	2
Cahir	Baron	1
Baron	Dandelion	2
Milva	Dandelion	1
Cahir	Geralt	10
Beau	Fringilla	1
Fringilla	Philippa	9
Fringilla	Yennefer	3
Philippa	Fringilla	6
Philippa	Yennefer	1
Keira	Philippa	2
Keira	Fringilla	3
Philippa	Margarita	3
Philippa	Sabrina	4
Fringilla	Margarita	1
Fringilla	Sabrina	3
Margarita	Sabrina	1
Sabrina	Ida	1
Ida	Assire	2
Fringilla	Ciri	2
Fringilla	Triss	3
Ciri	Triss	12
Ciri	Philippa	3
Triss	Philippa	4
Fringilla	Little	1
Dandelion	Little	1
Little	Fringilla	1
Baron	Cahir	1
Fringilla	Cahir	2
Cahir	Fringilla	5
Cahir	Ciri	5
Vilgefortz	Vattier	1
Vilgefortz	Joachim	1
Ardal	Emhyr	1
Stefan	Joachim	1
Morvran	Count	1
Emhyr	Ardal	2
Ardal	Joachim	2
Ardal	Stefan	1
Ardal	Vilgefortz	1
Joachim	Stefan	1
Joachim	Vilgefortz	2
Joachim	Emhyr	4
Stefan	Emhyr	3
Emhyr	Joachim	3
Yennefer	Emhyr	2
Yennefer	Ardal	1
Yennefer	Joachim	1
Ardal	Count	1
Joachim	Count	1
Count	Vilgefortz	1
Vilgefortz	Stefan	1
Fringilla	Vilgefortz	6
Vilgefortz	Fringilla	4
Vilgefortz	Geralt	14
Vilgefortz	Philippa	2
Fringilla	Keira	1
Philippa	Vilgefortz	3
Philippa	Keira	1
Vilgefortz	Keira	1
Vilgefortz	Sabrina	1
Keira	Sabrina	2
Sabrina	Fringilla	3
Fringilla	Assire	4
Guy	Geralt	1
Guy	Reynart	1
Fringilla	Beau	1
Philippa	Francesca	3
Philippa	Ida	1
Sabrina	Philippa	4
Sabrina	Vilgefortz	1
Philippa	Triss	2
Margarita	Fringilla	1
Margarita	Triss	1
Fringilla	Francesca	1
Triss	Francesca	1
Triss	Assire	1
Francesca	Assire	2
Francesca	Philippa	3
Assire	Philippa	4
Assire	Fringilla	1
Assire	Sabrina	2
Ciri	Kelpie	25
Kelpie	Ciri	36
Kelpie	Vesemir	1
Vesemir	Ciri	1
Eredin	Ciri	16
Ciri	Eredin	13
Ciri	Aen	9
Aen	Eredin	2
Ciri	Auberon	9
Auberon	Aen	3
Auberon	King	3
Aen	Auberon	1
Aen	King	1
Auberon	Eredin	3
Eredin	Auberon	2
Auberon	Ciri	6
Ciri	Gar	1
Eredin	Gar	1
Gar	Ciri	1
Gar	Eredin	1
Aen	Ciri	7
Auberon	Geralt	2
Ciri	King	4
Vysogota	Ciri	2
Vysogota	Yennefer	1
Ciri	Vysogota	2
Vysogota	Geralt	2
Kelpie	Aen	1
Kelpie	Eredin	1
Eredin	Kelpie	3
Ciri	Anna	1
Anna	Eredin	1
King	Kayleigh	1
Kayleigh	King	1
Kayleigh	Ciri	1
Eredin	Vysogota	1
Ciri	Little	2
Ciri	Ihuarraquax	3
Little	Ihuarraquax	1
Little	Ciri	3
Ihuarraquax	Ciri	2
Ihuarraquax	Little	1
Gar	Little	1
Kelpie	Little	2
Ihuarraquax	Kelpie	1
Kelpie	Seven	1
Little	Seven	1
Seven	Little	1
Seven	Ciri	1
King	Menno	1
Jarre	Milton	2
Milton	Jarre	2
Jarre	Jan	1
Jan	Jarre	1
Jarre	Sir	1
Sir	Jarre	1
Jarre	Two	3
Two	Jarre	2
Jarre	Geralt	1
Jarre	Nenneke	3
Jarre	Ciri	4
Geralt	Nenneke	1
Geralt	Triss	1
Nenneke	Ciri	1
Nenneke	Triss	6
Jarre	King	1
Adam	Julia	5
Jarre	Dennis	4
Dennis	Jarre	5
Dennis	Nenneke	3
Nenneke	Dennis	1
Nenneke	Jarre	3
Sheldon	Jarre	1
Jarre	Sheldon	1
Sheldon	Zoltan	1
Sheldon	Menno	1
Zoltan	Menno	1
Zoltan	Jarre	3
Menno	Jarre	1
Zoltan	Dennis	2
Zoltan	Vissegerd	1
Zoltan	Julia	1
Dennis	Vissegerd	1
Dennis	Julia	1
Vissegerd	Julia	1
Vissegerd	Dennis	1
Julia	Dennis	1
Julia	Yarpen	1
Dennis	Yarpen	1
Dennis	Emhyr	1
Yarpen	Emhyr	1
Emhyr	Zoltan	1
Dennis	Zoltan	1
Jarre	Zoltan	1
Dennis	Ciri	1
Ciri	Nenneke	1
Kelpie	Ihuarraquax	1
Kelpie	Two	1
Two	Kelpie	1
Two	Ciri	3
King	Nimue	1
Fabio	Yennefer	1
Ciri	Geralt	28
Geralt	Kelpie	3
King	Geralt	3
Nimue	Ithlinne	1
Ithlinne	Nimue	2
Nimue	Jan	1
Ciri	Jarre	3
Jarre	Anna	1
Puttkammer	Baron	1
Puttkammer	Field	1
Field	Puttkammer	1
Puttkammer	Seven	1
Julia	Adam	1
Bronibor	Adam	1
Bronibor	Barclay	1
Adam	Barclay	1
Jarre	Field	2
Jarre	Menno	1
Field	Menno	3
Menno	Field	2
Field	Ramon	1
Iola	Marti	3
Marti	Iola	6
King	Sword	1
King	Assire	1
King	Philippa	3
Iola	Shani	3
Shani	Marti	1
Adam	Jarre	1
Aubry	Julia	1
Barclay	Aubry	3
Aubry	Foltest	2
Foltest	Aubry	1
Aubry	Barclay	2
Two	Barclay	1
Julia	Aubry	1
Julia	Marti	1
Marti	Shani	3
Shani	Iola	4
Menno	Isengrim	2
Isengrim	Menno	1
Menno	Iola	1
Triss	Nenneke	7
Jarre	Triss	1
Count	Gar	1
Marti	Daniel	1
Marti	Count	1
Daniel	Count	1
Count	Shani	1
Adam	Foltest	1
Adam	Bronibor	1
Julia	Foltest	1
Julia	Bronibor	1
Foltest	Bronibor	1
Iola	Yaevinn	1
Kobus	Count	1
Puttkammer	Menno	1
Menno	Puttkammer	1
Sir	Seven	1
Elan	Seven	1
Jarre	Bronibor	4
Bronibor	Jarre	2
Bronibor	Seven	1
Field	Bronibor	1
Menno	Sievers	1
Sievers	Seven	1
Sievers	Field	1
Zoltan	Munro	1
Zoltan	Guy	1
Munro	Guy	1
Munro	Field	1
Guy	Field	1
Jarre	Iola	1
Iola	Bronibor	1
Iola	Jarre	1
King	Meve	2
King	Ardal	1
Meve	Ardal	1
Ciri	Marti	1
Milo	Marti	1
Ciri	Stefan	1
Vilgefortz	Aen	2
Milva	Maria	2
Geralt	Maria	1
Ciri	Emiel	2
Geralt	Emiel	2
Emiel	Ciri	1
Yennefer	Emiel	1
Vilgefortz	Emiel	1
Geralt	Vilgefortz	22
Count	Stefan	1
Leo	Vilgefortz	1
Ciri	Cahir	6
Cahir	Two	1
Cahir	Aillil	1
Fringilla	Count	1
Count	Ciri	2
Ciri	Leo	1
Leo	Yennefer	1
Leo	Ciri	1
Geralt	Emhyr	2
Geralt	Pavetta	2
Emhyr	Vilgefortz	2
Emhyr	Pavetta	2
Vilgefortz	Pavetta	1
Pavetta	Emhyr	2
Emhyr	Duke	1
Duke	Emhyr	1
Emhyr	Xarthisius	1
Xarthisius	Vilgefortz	1
Vilgefortz	Braathens	1
Pavetta	Vilgefortz	1
Pavetta	Ciri	1
Emhyr	Calanthe	1
Geralt	Calanthe	1
Calanthe	Vilgefortz	1
Calanthe	Ciri	1
Emhyr	Ciri	3
Francesca	Geralt	1
Francesca	Fringilla	1
Pavetta	Calanthe	1
Pavetta	Cyrus	1
Calanthe	Cyrus	1
Cyrus	Calanthe	1
Calanthe	Triss	1
Triss	Ciri	12
Shilard	King	1
Shilard	Foltest	2
Shilard	Henselt	1
King	Foltest	1
King	Henselt	2
Foltest	Henselt	4
Henselt	King	2
Henselt	Meve	2
Henselt	Demavend	4
King	Demavend	3
Meve	Demavend	1
Meve	Henselt	1
Demavend	Henselt	2
Foltest	Demavend	1
Demavend	Cyrus	2
Demavend	Shilard	3
Cyrus	Shilard	1
Sabrina	Emhyr	1
Sabrina	Demavend	3
Sabrina	Shilard	1
Emhyr	Demavend	2
Emhyr	Shilard	2
Demavend	Assire	3
Shilard	Assire	1
Assire	Francesca	1
Sabrina	Francesca	3
Sabrina	Margarita	2
Francesca	Sabrina	2
Francesca	Margarita	1
Francesca	King	2
Sabrina	King	1
Margarita	King	1
Margarita	Demavend	1
Francesca	Demavend	3
King	Sabrina	1
King	Francesca	1
Demavend	Sabrina	1
Demavend	Francesca	2
Demavend	Philippa	2
Philippa	Demavend	4
Philippa	Assire	1
Riordain	Isengrim	1
Shilard	Baron	4
Baron	Ambassador	1
Ambassador	Shilard	1
Baron	Shilard	2
Shilard	Emhyr	2
Shilard	Demavend	1
Foltest	Meve	2
Henselt	Foltest	1
Meve	Foltest	1
Meve	Calanthe	1
Foltest	Calanthe	1
Philippa	Foltest	1
Foltest	Philippa	1
Foltest	Emhyr	1
Philippa	Emhyr	1
Emhyr	Margarita	1
Margarita	Assire	1
Triss	Vattier	1
Vattier	Emhyr	2
Vattier	Count	2
Vattier	Stefan	1
Zuleyka	Ciri	2
Zuleyka	Calanthe	1
Zuleyka	Shilard	1
Ciri	Calanthe	1
Ciri	Shilard	1
Calanthe	Shilard	1
Calanthe	Emhyr	1
Pavetta	Philippa	1
Demavend	Radovid	1
Cyrus	Radovid	2
Philippa	Radovid	1
Nenneke	Iola	1
Iola	Milo	1
Philippa	Sigismund	1
Lucienne	Jarre	8
Jarre	Lucienne	6
Two	Lucienne	1
Toruviel	Lucienne	1
Rayla	Barclay	2
Isengrim	Riordain	1
Philippa	King	2
Ciri	Beau	1
Dandelion	Beau	2
Beau	Count	1
Julia	Ciri	1
Julia	Count	3
Ciri	Count	1
Ciri	Julia	1
Count	Julia	1
Julia	Anna	1
Dandelion	Anna	1
Anna	Beau	1
Dandelion	Baron	1
Fringilla	Jan	1
Jan	Dandelion	1
Yennefer	Kelpie	2
Kelpie	Geralt	1
Kelpie	Dandelion	1
Yennefer	Triss	10
Ciri	Margarita	2
Triss	Margarita	2
Triss	Yennefer	15
Margarita	Yennefer	2
Margarita	Ciri	1
Yennefer	Philippa	2
Philippa	Ciri	7
Ciri	Francesca	3
Francesca	Yennefer	2
Francesca	Tissaia	2
Yennefer	Tissaia	8
Tissaia	Ciri	2
Emhyr	Philippa	1
Philippa	Esterad	1
Philippa	Zuleyka	1
Esterad	Zuleyka	1
Esterad	Ciri	1
Yennefer	Francesca	1
Francesca	Ciri	2
Yennefer	Margarita	1
Geralt	Margarita	2
Margarita	Geralt	2
Ciri	Sabrina	2
Sabrina	Keira	1
Sabrina	Geralt	1
Keira	Geralt	1
Keira	Yennefer	1
Geralt	Sabrina	2
Sabrina	Yennefer	3
Triss	Geralt	1
Triss	Tissaia	1
Geralt	Tissaia	1
Margarita	Tissaia	1
Tissaia	Francesca	1
Ida	Ciri	1
Assire	Ciri	1
Yennefer	Sabrina	2
Dandelion	Meve	1
Two	Dandelion	2
Two	Geralt	2
Yarpen	Zoltan	8
Zoltan	Yarpen	5
Zoltan	King	1
Yarpen	King	3
King	Zoltan	1
King	Yarpen	1
Zoltan	Percival	1
Percival	Field	1
Field	Yarpen	1
Zoltan	Regan	1
Yarpen	Eudora	2
Zoltan	Eudora	2
Eudora	Zoltan	1
Eudora	Dandelion	1
Zoltan	Dandelion	2
Yennefer	King	1
Yarpen	Geralt	2
Dandelion	Yarpen	3
Yarpen	Dandelion	1
King	Dandelion	1
Dandelion	Zoltan	1
Zoltan	Sword	1
Eskel	Geralt	1
Eskel	Vesemir	3
Eskel	Lambert	1
Geralt	Vesemir	1
Geralt	Lambert	2
Vesemir	Lambert	2
Vesemir	Eskel	2
Vesemir	Geralt	1
Lambert	Eskel	1
Lambert	Vesemir	1
Geralt	Zoltan	1
Kelpie	Yennefer	5
Triss	Kelpie	2
Tissaia	Yennefer	3
Triss	Alzur	1
Yennefer	Alzur	1
Nimue	Triss	3
Triss	Nimue	1
Dandelion	Yennefer	2
Yennefer	Dandelion	1
Dandelion	Triss	1
Kelpie	Triss	1
Ciri	Milva	1
Yennefer	Cahir	1
Yennefer	Milva	1
Yennefer	Zoltan	1
Cahir	Zoltan	1
Cahir	Triss	1
Milva	Zoltan	1
Milva	Triss	1
Milva	Lytta	1
Zoltan	Triss	1
Zoltan	Lytta	1
Zoltan	Ciri	1
Triss	Lytta	1
Lytta	Ciri	2
Lytta	Triss	1
Triss	Dandelion	1
Triss	Yarpen	1
Dandelion	Mistle	1
